1,R. Ahmadi,36,G
31,H. Sedghi,23,G
21,P. Niazmand,21,G
3,Halisson,31,D
4,A. Sadeghi,35,D
5,S. Yazdani Moghadam,24,D
20,L. Hayrapetyan,27,D
40,A. Hamoudi,30,D
22,A. Abbasi,25,D
24,R. Amiri,25,D
25,A. Dashti,25,D
26,S. Ghezelgachi,33,D
27,M. Hosseinzadeh,25,D
28,M. Rostami,25,D
2,M. Shiri,25,M
6,A. Amiri,22,M
7,M. Barani,25,M
8,S. Nemati,22,M
10,B. Abdi,33,M
14,M. Rahmani,20,M
16,A. Ghasemi,27,M
23,A. Ebrahimi,34,M
29,M. Ezzati,21,M
30,E. Pourafraz,25,M
31,M. Rajabzadeh,33,M
32,M. Soleiman Fallah,30,M
33,J. Zeyghami,27,M
9,A. Borhani,33,A
11,F. Emamali,21,A
17,S. Moghanlou,25,A
19,P. Ranjbari,24,A
77,S. Ashouri Mirani,25,A
90,G. Mensha,27,A
99,M. Aghakhan,23,A
34,A. Ghorbannejad,25,A
35,R. Karmollachaeb,19,A
36,Y. Najjarian,25,A
37,M. Nazari,26,A
38,H. Nouri,25,A
39,M. Yaghoubi,25,A
