12,M. Mazaheri,27,G
22,H. Erfani,28,G
40,P. Salmani,22,G
2,M. Nejadmahdi,24,D
3,V. Mohammadzadeh,27,D
18,Ali Hamam,30,D
19,M. Ghanbari,27,D
20,H. Haghverdi,23,D
26,N. Taheri,19,D
33,M. Sattari,23,D
36,K. Eghbali,20,D
6,M. Mehdipour,22,M
8,G. Hadadifar,33,M
10,E. Pahlevan,23,M
14,R. Shekari,18,M
24,M. Derakhshanfar,18,M
35,K. Momeni,21,M
7,Mohammadreza Hosseini,27,A
11,M. Tabrizi,25,A
17,M. Abbasi,20,A
23,D. Esmaeilifar,23,A
27,J. Bengtson,29,A
28,A. Khodadadi,18,A
30,M. Rajabzadeh,38,A
31,H. Jafari,21,A
70,Y. Feyzi,24,A
